{"resourceType":"ConceptMap","id":"DisclosureStatements","text":{"status":"generated","div":"<div xmlns=\"http://www.w3.org/1999/xhtml\"><p class=\"res-header-id\"><b>Generated Narrative: ConceptMap DisclosureStatements</b></p><a name=\"DisclosureStatements\"> </a><a name=\"hcDisclosureStatements\"> </a><p>Mapping from (not specified) to (not specified)</p><br/><p><b>Group 1 </b>Mapping from <a href=\"ConceptMap-DisclosureStatements.html\">Discloure Statement maapings</a> to <a href=\"ConceptMap-DisclosureStatements.html\">Discloure Statement maapings</a></p><table class=\"grid\"><tr><td><b>Source Code</b></td><td><b>Relationship</b></td><td><b>Target Code</b></td></tr><tr><td>disclose-icvp-narrative</td><td><a href=\"http://hl7.org/fhir/R5/codesystem-concept-map-relationship.html#wider\" title=\"wider\">maps to wider concept</a></td><td>disclose-icvp</td></tr><tr><td>disclose-icvp-demographic</td><td><a href=\"http://hl7.org/fhir/R5/codesystem-concept-map-relationship.html#wider\" title=\"wider\">maps to wider concept</a></td><td>disclose-icvp</td></tr><tr><td>disclose-icvp-demographic-narrative</td><td><a href=\"http://hl7.org/fhir/R5/codesystem-concept-map-relationship.html#wider\" title=\"wider\">maps to wider concept</a></td><td>disclose-icvp-demographic</td></tr><tr><td>disclose-icvp-demographic-name</td><td><a href=\"http://hl7.org/fhir/R5/codesystem-concept-map-relationship.html#wider\" title=\"wider\">maps to wider concept</a></td><td>disclose-icvp-demographic</td></tr><tr><td>disclose-icvp-demographic-dob</td><td><a href=\"http://hl7.org/fhir/R5/codesystem-concept-map-relationship.html#wider\" title=\"wider\">maps to wider concept</a></td><td>disclose-icvp-demographic</td></tr><tr><td>disclose-icvp-demographic-nationality</td><td><a href=\"http://hl7.org/fhir/R5/codesystem-concept-map-relationship.html#wider\" title=\"wider\">maps to wider concept</a></td><td>disclose-icvp-demographic</td></tr><tr><td>disclose-icvp-demographic-national-id</td><td><a href=\"http://hl7.org/fhir/R5/codesystem-concept-map-relationship.html#wider\" title=\"wider\">maps to wider concept</a></td><td>disclose-icvp-demographic</td></tr><tr><td>disclose-icvp-vaccination</td><td><a href=\"http://hl7.org/fhir/R5/codesystem-concept-map-relationship.html#wider\" title=\"wider\">maps to wider concept</a></td><td>disclose-icvp</td></tr><tr><td>disclose-icvp-vaccination-narrative</td><td><a href=\"http://hl7.org/fhir/R5/codesystem-concept-map-relationship.html#wider\" title=\"wider\">maps to wider concept</a></td><td>disclose-icvp-vaccination</td></tr><tr><td>disclose-icvp-vaccination-clinician-name</td><td><a href=\"http://hl7.org/fhir/R5/codesystem-concept-map-relationship.html#wider\" title=\"wider\">maps to wider concept</a></td><td>disclose-icvp-vaccination</td></tr><tr><td>disclose-icvp-vaccination-issuer</td><td><a href=\"http://hl7.org/fhir/R5/codesystem-concept-map-relationship.html#wider\" title=\"wider\">maps to wider concept</a></td><td>disclose-icvp-vaccination</td></tr></table></div>"},"url":"http://smart.who.int/icvp/ConceptMap/DisclosureStatements","version":"0.1.0","name":"DisclosureStatements","title":"Discloure Statement maapings","status":"active","experimental":false,"date":"2025-08-25T20:13:58+00:00","publisher":"WHO","contact":[{"name":"WHO","telecom":[{"system":"url","value":"http://who.int"}]}],"description":"Mapping from Disclosure Statements to itself to show relatiohships","group":[{"source":"http://smart.who.int/icvp/ConceptMap/DisclosureStatements","target":"http://smart.who.int/icvp/ConceptMap/DisclosureStatements","element":[{"code":"disclose-icvp-narrative","target":[{"code":"disclose-icvp","equivalence":"wider"}]},{"code":"disclose-icvp-demographic","target":[{"code":"disclose-icvp","equivalence":"wider"}]},{"code":"disclose-icvp-demographic-narrative","target":[{"code":"disclose-icvp-demographic","equivalence":"wider"}]},{"code":"disclose-icvp-demographic-name","target":[{"code":"disclose-icvp-demographic","equivalence":"wider"}]},{"code":"disclose-icvp-demographic-dob","target":[{"code":"disclose-icvp-demographic","equivalence":"wider"}]},{"code":"disclose-icvp-demographic-nationality","target":[{"code":"disclose-icvp-demographic","equivalence":"wider"}]},{"code":"disclose-icvp-demographic-national-id","target":[{"code":"disclose-icvp-demographic","equivalence":"wider"}]},{"code":"disclose-icvp-vaccination","target":[{"code":"disclose-icvp","equivalence":"wider"}]},{"code":"disclose-icvp-vaccination-narrative","target":[{"code":"disclose-icvp-vaccination","equivalence":"wider"}]},{"code":"disclose-icvp-vaccination-clinician-name","target":[{"code":"disclose-icvp-vaccination","equivalence":"wider"}]},{"code":"disclose-icvp-vaccination-issuer","target":[{"code":"disclose-icvp-vaccination","equivalence":"wider"}]}]}]}