"Id","Path","Slice Name","Alias(s)","Label","Min","Max","Must Support?","Is Modifier?","Is Summary?","Type(s)","Short","Definition","Comments","Requirements","Default Value","Meaning When Missing","Fixed Value","Pattern","Example","Minimum Value","Maximum Value","Maximum Length","Binding Strength","Binding Description","Binding Value Set","Code","Slicing Discriminator","Slicing Description","Slicing Ordered","Slicing Rules","Base Path","Base Min","Base Max","Condition(s)","Constraint(s)"
"DVCPayload","DVCPayload","","","",0,*,"","","","null {[]} {[]}
","ICVP HCERT Payload","Mininmial DVC payload for use within an HCERT Payload using the ICVP Product Catalogue","","","","","","","","","",,,,,"",,,,"Base",0,*,"",""
"DVCPayload.n","DVCPayload.n","","","",1,1,"","","","string {[]} {[]}
","Person name","Person name","","","","","","","","","",,,,,"",,,,"DVCMin.n",1,1,"",""
"DVCPayload.dob","DVCPayload.dob","","","",1,1,"","","","date {[]} {[]}
","Date of birth in YYYY-MM-DD format","Date of birth in YYYY-MM-DD format","","","","","","","","","",,,,,"",,,,"DVCMin.dob",1,1,"",""
"DVCPayload.s","DVCPayload.s","","","",0,1,"","","","code {[]} {[]}
","Sex","Sex","","","","","","","","","",,,,,"",,,,"DVCMin.s",0,1,"",""
"DVCPayload.ntl","DVCPayload.ntl","","","",0,1,"","","","code {[]} {[]}
","Nationality","Nationality","","","","","","","","","",,,,,"",,,,"DVCMin.ntl",0,1,"",""
"DVCPayload.nid","DVCPayload.nid","","","",0,1,"","","","string {[]} {[]}
","National Identification Document","National Identification Document","","","","","","","","","",,,,,"",,,,"DVCMin.nid",0,1,"",""
"DVCPayload.ndt","DVCPayload.ndt","","","",0,1,"","","","code {[]} {[]}
","National ID Document Type","National ID Document Type","","","","","","","","","",,"extensible","","http://terminology.hl7.org/CodeSystem/v2-0203","",,,,"DVCMin.ndt",0,1,"",""
"DVCPayload.gn","DVCPayload.gn","","","",0,1,"","","","string {[]} {[]}
","Parent or Guardian Name","Parent or Guardian Name","","","","","","","","","",,,,,"",,,,"DVCMin.gn",0,1,"",""
"DVCPayload.v","DVCPayload.v","","","",1,*,"","","","http://smart.who.int/icvp/StructureDefinition/ICVPMinVaccineDetails {[]} {[]}
","Vaccine Details","Vaccine Details","","","","","","","","","",,,,,"",,,,"DVCMin.v",1,*,"",""
