<?xml version="1.0" encoding="UTF-8"?>

<ValueSet xmlns="http://hl7.org/fhir">
  <id value="VaccineManufacturer"/>
  <text>
    <status value="generated"/><div xmlns="http://www.w3.org/1999/xhtml"><p class="res-header-id"><b>Generated Narrative: ValueSet VaccineManufacturer</b></p><a name="VaccineManufacturer"> </a><a name="hcVaccineManufacturer"> </a><ul><li>Include all codes defined in <a href="CodeSystem-VaccineManufacturer.html"><code>http://smart.who.int/icvp/CodeSystem/VaccineManufacturer</code></a></li></ul></div>
  </text>
  <url value="http://smart.who.int/icvp/ValueSet/VaccineManufacturer"/>
  <version value="0.1.0"/>
  <name value="VaccineManufacturer"/>
  <title value="VaccineManufacturer"/>
  <status value="draft"/>
  <date value="2025-08-07T15:11:15+00:00"/>
  <publisher value="WHO"/>
  <contact>
    <name value="WHO"/>
    <telecom>
      <system value="url"/>
      <value value="http://who.int"/>
    </telecom>
  </contact>
  <description value="VaccineManufacturer value set"/>
  <compose>
    <include>
      <system value="http://smart.who.int/icvp/CodeSystem/VaccineManufacturer"/>
    </include>
  </compose>
</ValueSet>