{
  "resourceType" : "ValueSet",
  "id" : "ICVPVaccineCodes",
  "text" : {
    "status" : "extensions",
    "div" : "<div xmlns=\"http://www.w3.org/1999/xhtml\"><p class=\"res-header-id\"><b>Generated Narrative: ValueSet ICVPVaccineCodes</b></p><a name=\"ICVPVaccineCodes\"> </a><a name=\"hcICVPVaccineCodes\"> </a><ul><li>Include these codes as defined in <a href=\"http://smart.who.int/ts/0.1.0/CodeSystem-ICD11.html\"><code>http://id.who.int/icd/release/11/mms</code></a><table class=\"none\"><tr><td style=\"white-space:nowrap\"><b>Code</b></td><td><b>Display</b></td><td><b>Definition</b></td></tr><tr><td><a href=\"http://smart.who.int/ts/0.1.0/CodeSystem-ICD11.html#ICD11-XM0N24\">XM0N24</a></td><td>Yellow fever vaccines</td><td>Yellow fever vaccine</td></tr><tr><td><a href=\"http://smart.who.int/ts/0.1.0/CodeSystem-ICD11.html#ICD11-XM3418\">XM3418</a></td><td>Yellow fever, live attenuated</td><td>Yellow fever, live attenuated</td></tr><tr><td><a href=\"http://smart.who.int/ts/0.1.0/CodeSystem-ICD11.html#ICD11-XM0N50\">XM0N50</a></td><td>Poliomyelitis vaccines</td><td>Poliomyelitis vaccines</td></tr><tr><td><a href=\"http://smart.who.int/ts/0.1.0/CodeSystem-ICD11.html#ICD11-XM1LX9\">XM1LX9</a></td><td>Diphtheria, hemophilus influenzae B, pertussis, poliomyelitis, tetanus vaccines</td><td>Diphtheria, hemophilus influenzae B, pertussis, poliomyelitis, tetanus vaccines</td></tr><tr><td><a href=\"http://smart.who.int/ts/0.1.0/CodeSystem-ICD11.html#ICD11-XM09Q7\">XM09Q7</a></td><td>Diphtheria, pertussis, poliomyelitis, tetanus vaccines</td><td>Diphtheria, pertussis, poliomyelitis, tetanus vaccines</td></tr><tr><td><a href=\"http://smart.who.int/ts/0.1.0/CodeSystem-ICD11.html#ICD11-XM0LT9\">XM0LT9</a></td><td>Diphtheria, pertussis, poliomyelitis, tetanus, hepatitis B vaccines</td><td>Diphtheria, pertussis, poliomyelitis, tetanus, hepatitis B vaccines</td></tr><tr><td><a href=\"http://smart.who.int/ts/0.1.0/CodeSystem-ICD11.html#ICD11-XM8AW1\">XM8AW1</a></td><td>Diphtheria, poliomyelitis, tetanus vaccines</td><td>Diphtheria, poliomyelitis, tetanus vaccines</td></tr><tr><td><a href=\"http://smart.who.int/ts/0.1.0/CodeSystem-ICD11.html#ICD11-XM01H1\">XM01H1</a></td><td>Hemophilus influenzae B and poliomyelitis vaccines</td><td>Hemophilus influenzae B and poliomyelitis vaccines</td></tr><tr><td><a href=\"http://smart.who.int/ts/0.1.0/CodeSystem-ICD11.html#ICD11-XM21E6\">XM21E6</a></td><td>Diphtheria tetanus, acellular pertussis, inactivated polio virus, haemophilus Influenzae type B vaccines</td><td>Diphtheria tetanus, acellular pertussis, inactivated polio virus, haemophilus Influenzae type B vaccines</td></tr><tr><td><a href=\"http://smart.who.int/ts/0.1.0/CodeSystem-ICD11.html#ICD11-XM84S1\">XM84S1</a></td><td>Diphtheria, hepatitis B, tetanus, acellular pertussis, inactivated polio virus, haemophilus Influenzae type B vaccines</td><td>Diphtheria, hepatitis B, tetanus, acellular pertussis, inactivated polio virus, haemophilus Influenzae type B vaccines</td></tr><tr><td><a href=\"http://smart.who.int/ts/0.1.0/CodeSystem-ICD11.html#ICD11-XM9JP8\">XM9JP8</a></td><td>Diphtheria, tetanus, acellular pertussis, inactivated polio virus vaccines</td><td>Diphtheria, tetanus, acellular pertussis, inactivated polio virus vaccines</td></tr><tr><td><a href=\"http://smart.who.int/ts/0.1.0/CodeSystem-ICD11.html#ICD11-XM5V19\">XM5V19</a></td><td>Poliomyelitis, trivalent, inactivated, whole virus</td><td>Poliomyelitis, trivalent, inactivated, whole virus</td></tr><tr><td><a href=\"http://smart.who.int/ts/0.1.0/CodeSystem-ICD11.html#ICD11-XM79H3\">XM79H3</a></td><td>Poliomyelitis oral, bivalent, live attenuated</td><td>Poliomyelitis oral, bivalent, live attenuated</td></tr><tr><td><a href=\"http://smart.who.int/ts/0.1.0/CodeSystem-ICD11.html#ICD11-XM0VX8\">XM0VX8</a></td><td>Poliomyelitis oral, monovalent live attenuated</td><td>Poliomyelitis oral, monovalent live attenuated</td></tr><tr><td><a href=\"http://smart.who.int/ts/0.1.0/CodeSystem-ICD11.html#ICD11-XM0KZ1\">XM0KZ1</a></td><td>Poliomyelitis oral, trivalent, live attenuated</td><td>Poliomyelitis oral, trivalent, live attenuated</td></tr></table></li></ul></div>"
  },
  "url" : "http://smart.who.int/icvp/ValueSet/ICVPVaccineCodes",
  "version" : "0.1.0",
  "name" : "ICVPVaccineCodes",
  "title" : "ICVP - Vaccine Codes",
  "status" : "draft",
  "date" : "2025-08-07T15:11:15+00:00",
  "publisher" : "WHO",
  "contact" : [{
    "name" : "WHO",
    "telecom" : [{
      "system" : "url",
      "value" : "http://who.int"
    }]
  }],
  "description" : "This value set includes codes from ICVP",
  "compose" : {
    "include" : [{
      "system" : "http://id.who.int/icd/release/11/mms",
      "concept" : [{
        "code" : "XM0N24",
        "display" : "Yellow fever vaccines"
      },
      {
        "code" : "XM3418",
        "display" : "Yellow fever, live attenuated"
      },
      {
        "code" : "XM0N50",
        "display" : "Poliomyelitis vaccines"
      },
      {
        "code" : "XM1LX9",
        "display" : "Diphtheria, hemophilus influenzae B, pertussis, poliomyelitis, tetanus vaccines"
      },
      {
        "code" : "XM09Q7",
        "display" : "Diphtheria, pertussis, poliomyelitis, tetanus vaccines"
      },
      {
        "code" : "XM0LT9",
        "display" : "Diphtheria, pertussis, poliomyelitis, tetanus, hepatitis B vaccines"
      },
      {
        "code" : "XM8AW1",
        "display" : "Diphtheria, poliomyelitis, tetanus vaccines"
      },
      {
        "code" : "XM01H1",
        "display" : "Hemophilus influenzae B and poliomyelitis vaccines"
      },
      {
        "code" : "XM21E6",
        "display" : "Diphtheria tetanus, acellular pertussis, inactivated polio virus, haemophilus Influenzae type B vaccines"
      },
      {
        "code" : "XM84S1",
        "display" : "Diphtheria, hepatitis B, tetanus, acellular pertussis, inactivated polio virus, haemophilus Influenzae type B vaccines"
      },
      {
        "code" : "XM9JP8",
        "display" : "Diphtheria, tetanus, acellular pertussis, inactivated polio virus vaccines"
      },
      {
        "code" : "XM5V19",
        "display" : "Poliomyelitis, trivalent, inactivated, whole virus"
      },
      {
        "code" : "XM79H3",
        "display" : "Poliomyelitis oral, bivalent, live attenuated"
      },
      {
        "code" : "XM0VX8",
        "display" : "Poliomyelitis oral, monovalent live attenuated"
      },
      {
        "code" : "XM0KZ1",
        "display" : "Poliomyelitis oral, trivalent, live attenuated"
      }]
    }]
  }
}